<!DOCTYPE beans PUBLIC "-//SPRING//DTD BEAN 2.0//EN"
"http://www.springframework.org/dtd/spring-beans-2.0.dtd">
<beans>
	<bean id="dataSource1"	class="org.springframework.jdbc.datasource.DriverManagerDataSource">
		<property name="driverClassName" value="com.mysql.cj.jdbc.Driver" />
		<property name="url"	value="jdbc:mysql://localhost:3306/iverson" />
		<property name="username" value="root" />
		<property name="password" value="rpsconsulting" />
	</bean>
	
	<bean id="jdbcTemplate"
class="org.springframework.jdbc.core.JdbcTemplate" >
		<property name="dataSource" ref="dataSource1"></property>
	</bean>
	<bean id="employeeDAO" class="EmployeeDAOImpl">
		<property name="jdbcTemplate" ref="jdbcTemplate" />
	</bean>
</beans>