<beans xmlns="http://www.springframework.org/schema/beans"
	xmlns:xsi="http://www.w3.org/2001/XMLSchema-instance"
	xmlns:context="http://www.springframework.org/schema/context"
	xsi:schemaLocation="http://www.springframework.org/schema/beans
    http://www.springframework.org/schema/beans/spring-beans-3.0.xsd
    http://www.springframework.org/schema/context
    http://www.springframework.org/schema/context/spring-context-3.0.xsd">


	<bean id="emp1" class="com.iverson.core.Employee" autowire="byType">			<!-- Employee emp=new Employee(); -->
		<property name="empId" value="111"></property><!-- setter method -->
		<property name="empName" value="sandeep"></property>
		<property name="empSal" value="8000"></property>
		<property name="designation" value="trainer"></property>
		<!-- <property name="address" ref="add"></property> -->
	</bean>

	<bean id="address" class="com.iverson.core.Address">
		<property name="hno" value="32"></property><!-- setter method -->
		<property name="colony" value="bank colony"></property>
		<property name="city" value="hyderabad"></property>
		<property name="state" value="telanagna"></property>
	</bean>

	<bean id="emp2" class="com.iverson.core.Employee" autowire="constructor">			<!-- Employee emp=new Employee(); -->
		<constructor-arg name="empId" value="143"></constructor-arg><!-- 
			constructor -->
		<constructor-arg name="empName" value="mahesh"></constructor-arg>
		<constructor-arg name="empSal" value="17000"></constructor-arg>
		<constructor-arg name="designation" value="developer"></constructor-arg>
		<!-- <constructor-arg name="address" ref="add"></constructor-arg> -->

	</bean>


</beans>